{
  "character_request-0" : {
    "transaction" : "character_request-0",
    "sampleCount" : 100,
    "errorCount" : 0,
    "errorPct" : 0.0,
    "meanResTime" : 0.04000000000000002,
    "minResTime" : 0.0,
    "maxResTime" : 1.0,
    "pct1ResTime" : 0.0,
    "pct2ResTime" : 0.0,
    "pct3ResTime" : 1.0,
    "throughput" : 2.761744317711066,
    "receivedKBytesPerSec" : 1.3536322979093593,
    "sentKBytesPerSec" : 0.0
  },
  "Total" : {
    "transaction" : "Total",
    "sampleCount" : 203,
    "errorCount" : 0,
    "errorPct" : 0.0,
    "meanResTime" : 40.71921182266009,
    "minResTime" : 0.0,
    "maxResTime" : 131.0,
    "pct1ResTime" : 112.6,
    "pct2ResTime" : 123.79999999999998,
    "pct3ResTime" : 129.80000000000004,
    "throughput" : 5.546902751591661,
    "receivedKBytesPerSec" : 49.197808221985404,
    "sentKBytesPerSec" : 0.5161796048856463
  },
  "character_request" : {
    "transaction" : "character_request",
    "sampleCount" : 100,
    "errorCount" : 0,
    "errorPct" : 0.0,
    "meanResTime" : 80.06000000000003,
    "minResTime" : 44.0,
    "maxResTime" : 131.0,
    "pct1ResTime" : 123.0,
    "pct2ResTime" : 125.0,
    "pct3ResTime" : 130.93999999999997,
    "throughput" : 2.7540622418066647,
    "receivedKBytesPerSec" : 47.99679625103277,
    "sentKBytesPerSec" : 0.49756007298264937
  },
  "login_request" : {
    "transaction" : "login_request",
    "sampleCount" : 1,
    "errorCount" : 0,
    "errorPct" : 0.0,
    "meanResTime" : 130.0,
    "minResTime" : 130.0,
    "maxResTime" : 130.0,
    "pct1ResTime" : 130.0,
    "pct2ResTime" : 130.0,
    "pct3ResTime" : 130.0,
    "throughput" : 7.6923076923076925,
    "receivedKBytesPerSec" : 33.51862980769231,
    "sentKBytesPerSec" : 3.1700721153846154
  },
  "login_request-0" : {
    "transaction" : "login_request-0",
    "sampleCount" : 1,
    "errorCount" : 0,
    "errorPct" : 0.0,
    "meanResTime" : 123.0,
    "minResTime" : 123.0,
    "maxResTime" : 123.0,
    "pct1ResTime" : 123.0,
    "pct2ResTime" : 123.0,
    "pct3ResTime" : 123.0,
    "throughput" : 8.130081300813009,
    "receivedKBytesPerSec" : 4.7160823170731705,
    "sentKBytesPerSec" : 1.9293064024390245
  },
  "login_request-1" : {
    "transaction" : "login_request-1",
    "sampleCount" : 1,
    "errorCount" : 0,
    "errorPct" : 0.0,
    "meanResTime" : 3.0,
    "minResTime" : 3.0,
    "maxResTime" : 3.0,
    "pct1ResTime" : 3.0,
    "pct2ResTime" : 3.0,
    "pct3ResTime" : 3.0,
    "throughput" : 333.3333333333333,
    "receivedKBytesPerSec" : 1259.1145833333333,
    "sentKBytesPerSec" : 58.268229166666664
  }
}