{
  "character_request-0" : {
    "transaction" : "character_request-0",
    "sampleCount" : 1000,
    "errorCount" : 0,
    "errorPct" : 0.0,
    "meanResTime" : 0.05899999999999995,
    "minResTime" : 0.0,
    "maxResTime" : 1.0,
    "pct1ResTime" : 0.0,
    "pct2ResTime" : 1.0,
    "pct3ResTime" : 1.0,
    "throughput" : 35.79098067287044,
    "receivedKBytesPerSec" : 17.57270741991768,
    "sentKBytesPerSec" : 0.0
  },
  "Total" : {
    "transaction" : "Total",
    "sampleCount" : 5000,
    "errorCount" : 0,
    "errorPct" : 0.0,
    "meanResTime" : 9101.915599999991,
    "minResTime" : 0.0,
    "maxResTime" : 18996.0,
    "pct1ResTime" : 18644.7,
    "pct2ResTime" : 18805.0,
    "pct3ResTime" : 18927.0,
    "throughput" : 122.38404112103781,
    "receivedKBytesPerSec" : 651.9228158273162,
    "sentKBytesPerSec" : 24.59632388936483
  },
  "character_request" : {
    "transaction" : "character_request",
    "sampleCount" : 1000,
    "errorCount" : 0,
    "errorPct" : 0.0,
    "meanResTime" : 10697.991999999984,
    "minResTime" : 2724.0,
    "maxResTime" : 18996.0,
    "pct1ResTime" : 17113.7,
    "pct2ResTime" : 18165.1,
    "pct3ResTime" : 18868.92,
    "throughput" : 25.725457913150855,
    "receivedKBytesPerSec" : 448.3556659115173,
    "sentKBytesPerSec" : 4.6476657362626055
  },
  "login_request" : {
    "transaction" : "login_request",
    "sampleCount" : 1000,
    "errorCount" : 0,
    "errorPct" : 0.0,
    "meanResTime" : 17405.78100000001,
    "minResTime" : 1773.0,
    "maxResTime" : 18948.0,
    "pct1ResTime" : 18878.0,
    "pct2ResTime" : 18923.95,
    "pct3ResTime" : 18943.0,
    "throughput" : 46.69842159335014,
    "receivedKBytesPerSec" : 203.48472377883627,
    "sentKBytesPerSec" : 19.24485733632203
  },
  "login_request-0" : {
    "transaction" : "login_request-0",
    "sampleCount" : 1000,
    "errorCount" : 0,
    "errorPct" : 0.0,
    "meanResTime" : 8035.178000000003,
    "minResTime" : 126.0,
    "maxResTime" : 16180.0,
    "pct1ResTime" : 14447.199999999999,
    "pct2ResTime" : 15289.649999999998,
    "pct3ResTime" : 15963.94,
    "throughput" : 53.558995233249426,
    "receivedKBytesPerSec" : 31.068401531787266,
    "sentKBytesPerSec" : 12.709800626640245
  },
  "login_request-1" : {
    "transaction" : "login_request-1",
    "sampleCount" : 1000,
    "errorCount" : 0,
    "errorPct" : 0.0,
    "meanResTime" : 9370.568000000001,
    "minResTime" : 1639.0,
    "maxResTime" : 16053.0,
    "pct1ResTime" : 14909.3,
    "pct2ResTime" : 15444.95,
    "pct3ResTime" : 16024.460000000001,
    "throughput" : 47.05218086858326,
    "receivedKBytesPerSec" : 177.73226132781255,
    "sentKBytesPerSec" : 8.224941772926176
  }
}