{
  "character_request-0" : {
    "transaction" : "character_request-0",
    "sampleCount" : 10,
    "errorCount" : 0,
    "errorPct" : 0.0,
    "meanResTime" : 0.20000000000000004,
    "minResTime" : 0.0,
    "maxResTime" : 1.0,
    "pct1ResTime" : 1.0,
    "pct2ResTime" : 1.0,
    "pct3ResTime" : 1.0,
    "throughput" : 1.088139281828074,
    "receivedKBytesPerSec" : 0.5322743811207835,
    "sentKBytesPerSec" : 0.0
  },
  "Total" : {
    "transaction" : "Total",
    "sampleCount" : 50,
    "errorCount" : 0,
    "errorPct" : 0.0,
    "meanResTime" : 3096.66,
    "minResTime" : 0.0,
    "maxResTime" : 20751.0,
    "pct1ResTime" : 13712.9,
    "pct2ResTime" : 16318.699999999983,
    "pct3ResTime" : 20751.0,
    "throughput" : 2.346206184599503,
    "receivedKBytesPerSec" : 18843.90956035029,
    "sentKBytesPerSec" : 0.47153245389704845
  },
  "character_request" : {
    "transaction" : "character_request",
    "sampleCount" : 10,
    "errorCount" : 0,
    "errorPct" : 0.0,
    "meanResTime" : 14277.3,
    "minResTime" : 11444.0,
    "maxResTime" : 20751.0,
    "pct1ResTime" : 20534.7,
    "pct2ResTime" : 20751.0,
    "pct3ResTime" : 20751.0,
    "throughput" : 0.474743638435245,
    "receivedKBytesPerSec" : 19060.50686486719,
    "sentKBytesPerSec" : 0.0857691143657425
  },
  "login_request" : {
    "transaction" : "login_request",
    "sampleCount" : 10,
    "errorCount" : 0,
    "errorPct" : 0.0,
    "meanResTime" : 603.5,
    "minResTime" : 95.0,
    "maxResTime" : 2573.0,
    "pct1ResTime" : 2558.1,
    "pct2ResTime" : 2573.0,
    "pct3ResTime" : 2573.0,
    "throughput" : 2.9437739181630853,
    "receivedKBytesPerSec" : 12.827264866058288,
    "sentKBytesPerSec" : 1.2131568295554902
  },
  "login_request-0" : {
    "transaction" : "login_request-0",
    "sampleCount" : 10,
    "errorCount" : 0,
    "errorPct" : 0.0,
    "meanResTime" : 331.70000000000005,
    "minResTime" : 92.0,
    "maxResTime" : 2321.0,
    "pct1ResTime" : 2102.000000000001,
    "pct2ResTime" : 2321.0,
    "pct3ResTime" : 2321.0,
    "throughput" : 3.179650238473768,
    "receivedKBytesPerSec" : 1.844445548489666,
    "sentKBytesPerSec" : 0.7545459062003179
  },
  "login_request-1" : {
    "transaction" : "login_request-1",
    "sampleCount" : 10,
    "errorCount" : 0,
    "errorPct" : 0.0,
    "meanResTime" : 270.59999999999997,
    "minResTime" : 3.0,
    "maxResTime" : 2299.0,
    "pct1ResTime" : 2094.3000000000006,
    "pct2ResTime" : 2299.0,
    "pct3ResTime" : 2299.0,
    "throughput" : 3.0609121518212428,
    "receivedKBytesPerSec" : 11.562117385981022,
    "sentKBytesPerSec" : 0.5350617921640649
  }
}