{
  "character_request-0" : {
    "transaction" : "character_request-0",
    "sampleCount" : 994,
    "errorCount" : 0,
    "errorPct" : 0.0,
    "meanResTime" : 0.23641851106639872,
    "minResTime" : 0.0,
    "maxResTime" : 25.0,
    "pct1ResTime" : 0.0,
    "pct2ResTime" : 0.0,
    "pct3ResTime" : 10.199999999999818,
    "throughput" : 11.894505073712427,
    "receivedKBytesPerSec" : 3.5318239151050643,
    "sentKBytesPerSec" : 0.0
  },
  "Total" : {
    "transaction" : "Total",
    "sampleCount" : 4988,
    "errorCount" : 2418,
    "errorPct" : 48.476345,
    "meanResTime" : 21986.523656776208,
    "minResTime" : 0.0,
    "maxResTime" : 77050.0,
    "pct1ResTime" : 39805.1,
    "pct2ResTime" : 47963.65,
    "pct3ResTime" : 55822.11,
    "throughput" : 47.61677469857665,
    "receivedKBytesPerSec" : 19252.46146366333,
    "sentKBytesPerSec" : 5.494733742709039
  },
  "character_request" : {
    "transaction" : "character_request",
    "sampleCount" : 994,
    "errorCount" : 944,
    "errorPct" : 94.96982,
    "meanResTime" : 33436.91046277666,
    "minResTime" : 19415.0,
    "maxResTime" : 77050.0,
    "pct1ResTime" : 37297.5,
    "pct2ResTime" : 39794.75,
    "pct3ResTime" : 73183.15,
    "throughput" : 9.651891052094964,
    "receivedKBytesPerSec" : 19513.800923298902,
    "sentKBytesPerSec" : 0.08771377506432976
  },
  "login_request" : {
    "transaction" : "login_request",
    "sampleCount" : 1000,
    "errorCount" : 737,
    "errorPct" : 73.7,
    "meanResTime" : 38216.131000000045,
    "minResTime" : 1535.0,
    "maxResTime" : 57200.0,
    "pct1ResTime" : 52136.99999999999,
    "pct2ResTime" : 55258.95,
    "pct3ResTime" : 56201.99,
    "throughput" : 16.67834150572067,
    "receivedKBytesPerSec" : 56.94953264159912,
    "sentKBytesPerSec" : 4.724612567338804
  },
  "login_request-0" : {
    "transaction" : "login_request-0",
    "sampleCount" : 1000,
    "errorCount" : 0,
    "errorPct" : 0.0,
    "meanResTime" : 10453.383999999991,
    "minResTime" : 150.0,
    "maxResTime" : 26507.0,
    "pct1ResTime" : 21852.8,
    "pct2ResTime" : 24961.9,
    "pct3ResTime" : 26178.78,
    "throughput" : 34.16817576109611,
    "receivedKBytesPerSec" : 19.820211330167083,
    "sentKBytesPerSec" : 8.108268271431989
  },
  "login_request-1" : {
    "transaction" : "login_request-1",
    "sampleCount" : 1000,
    "errorCount" : 737,
    "errorPct" : 73.7,
    "meanResTime" : 27762.741000000024,
    "minResTime" : 1381.0,
    "maxResTime" : 31731.0,
    "pct1ResTime" : 31046.0,
    "pct2ResTime" : 31299.9,
    "pct3ResTime" : 31633.98,
    "throughput" : 16.72324698563473,
    "receivedKBytesPerSec" : 47.402076243373415,
    "sentKBytesPerSec" : 0.7688284163503186
  }
}