{
  "character_request-0" : {
    "transaction" : "character_request-0",
    "sampleCount" : 100,
    "errorCount" : 0,
    "errorPct" : 0.0,
    "meanResTime" : 1.1099999999999997,
    "minResTime" : 0.0,
    "maxResTime" : 38.0,
    "pct1ResTime" : 1.0,
    "pct2ResTime" : 2.9499999999999886,
    "pct3ResTime" : 38.0,
    "throughput" : 1.4024065296048018,
    "receivedKBytesPerSec" : 0.46916250473312204,
    "sentKBytesPerSec" : 0.0
  },
  "Total" : {
    "transaction" : "Total",
    "sampleCount" : 500,
    "errorCount" : 146,
    "errorPct" : 29.2,
    "meanResTime" : 16815.405999999995,
    "minResTime" : 0.0,
    "maxResTime" : 81405.0,
    "pct1ResTime" : 49235.8,
    "pct2ResTime" : 49473.0,
    "pct3ResTime" : 54232.75,
    "throughput" : 4.7743179886753175,
    "receivedKBytesPerSec" : 9210.313491043977,
    "sentKBytesPerSec" : 0.7133036221557
  },
  "character_request" : {
    "transaction" : "character_request",
    "sampleCount" : 100,
    "errorCount" : 76,
    "errorPct" : 76.0,
    "meanResTime" : 44723.3,
    "minResTime" : 30619.0,
    "maxResTime" : 81405.0,
    "pct1ResTime" : 52863.4,
    "pct2ResTime" : 54231.75,
    "pct3ResTime" : 81403.93,
    "throughput" : 0.9705534095541278,
    "receivedKBytesPerSec" : 9353.738700635227,
    "sentKBytesPerSec" : 0.043836030460818756
  },
  "login_request" : {
    "transaction" : "login_request",
    "sampleCount" : 100,
    "errorCount" : 35,
    "errorPct" : 35.0,
    "meanResTime" : 19676.55,
    "minResTime" : 1407.0,
    "maxResTime" : 49599.0,
    "pct1ResTime" : 49459.8,
    "pct2ResTime" : 49529.25,
    "pct3ResTime" : 49598.72,
    "throughput" : 1.9959681443484163,
    "receivedKBytesPerSec" : 7.80357272060438,
    "sentKBytesPerSec" : 0.7004405787808626
  },
  "login_request-0" : {
    "transaction" : "login_request-0",
    "sampleCount" : 100,
    "errorCount" : 0,
    "errorPct" : 0.0,
    "meanResTime" : 1216.4200000000005,
    "minResTime" : 144.0,
    "maxResTime" : 2160.0,
    "pct1ResTime" : 1984.8000000000002,
    "pct2ResTime" : 2049.4999999999995,
    "pct3ResTime" : 2159.4199999999996,
    "throughput" : 34.02517863218782,
    "receivedKBytesPerSec" : 19.737261823749574,
    "sentKBytesPerSec" : 8.074334382443007
  },
  "login_request-1" : {
    "transaction" : "login_request-1",
    "sampleCount" : 100,
    "errorCount" : 35,
    "errorPct" : 35.0,
    "meanResTime" : 18459.649999999998,
    "minResTime" : 1139.0,
    "maxResTime" : 48043.0,
    "pct1ResTime" : 47746.0,
    "pct2ResTime" : 47883.25,
    "pct3ResTime" : 48042.12,
    "throughput" : 2.0031248748046955,
    "receivedKBytesPerSec" : 6.669584238912704,
    "sentKBytesPerSec" : 0.22760115154641242
  }
}