{
  "character_request-0" : {
    "transaction" : "character_request-0",
    "sampleCount" : 10000,
    "errorCount" : 0,
    "errorPct" : 0.0,
    "meanResTime" : 1672.8331999999994,
    "minResTime" : 0.0,
    "maxResTime" : 29931.0,
    "pct1ResTime" : 7441.0,
    "pct2ResTime" : 7889.0,
    "pct3ResTime" : 14914.369999999986,
    "throughput" : 218.00741225201656,
    "receivedKBytesPerSec" : 73.95714110529758,
    "sentKBytesPerSec" : 5.926906202310879
  },
  "character_request-1" : {
    "transaction" : "character_request-1",
    "sampleCount" : 2047,
    "errorCount" : 737,
    "errorPct" : 36.00391,
    "meanResTime" : 4532.161700048849,
    "minResTime" : 0.0,
    "maxResTime" : 8429.0,
    "pct1ResTime" : 7470.0,
    "pct2ResTime" : 7517.0,
    "pct3ResTime" : 8120.639999999999,
    "throughput" : 142.74755927475593,
    "receivedKBytesPerSec" : 372.6482141300558,
    "sentKBytesPerSec" : 16.058119769874477
  },
  "character_request-2" : {
    "transaction" : "character_request-2",
    "sampleCount" : 2047,
    "errorCount" : 0,
    "errorPct" : 0.0,
    "meanResTime" : 0.014167073766487532,
    "minResTime" : 0.0,
    "maxResTime" : 1.0,
    "pct1ResTime" : 0.0,
    "pct2ResTime" : 0.0,
    "pct3ResTime" : 1.0,
    "throughput" : 240.42753112520555,
    "receivedKBytesPerSec" : 69.22846286263801,
    "sentKBytesPerSec" : 0.0
  },
  "Total" : {
    "transaction" : "Total",
    "sampleCount" : 38076,
    "errorCount" : 21007,
    "errorPct" : 55.171238,
    "meanResTime" : 5459.553288160507,
    "minResTime" : 0.0,
    "maxResTime" : 38683.0,
    "pct1ResTime" : 30448.0,
    "pct2ResTime" : 30815.0,
    "pct3ResTime" : 37098.990000000005,
    "throughput" : 708.0877020065832,
    "receivedKBytesPerSec" : 1358.7453820632566,
    "sentKBytesPerSec" : 41.90559664585386
  },
  "character_request" : {
    "transaction" : "character_request",
    "sampleCount" : 10000,
    "errorCount" : 9433,
    "errorPct" : 94.33,
    "meanResTime" : 3220.498500000001,
    "minResTime" : 0.0,
    "maxResTime" : 37616.0,
    "pct1ResTime" : 13972.0,
    "pct2ResTime" : 14456.0,
    "pct3ResTime" : 29680.97,
    "throughput" : 191.61493063539513,
    "receivedKBytesPerSec" : 648.3905880243063,
    "sentKBytesPerSec" : 11.584600836159654
  },
  "login_request" : {
    "transaction" : "login_request",
    "sampleCount" : 10000,
    "errorCount" : 9423,
    "errorPct" : 94.23,
    "meanResTime" : 10435.242799999962,
    "minResTime" : 0.0,
    "maxResTime" : 38683.0,
    "pct1ResTime" : 30729.9,
    "pct2ResTime" : 31015.949999999997,
    "pct3ResTime" : 37675.99,
    "throughput" : 210.27840861300362,
    "receivedKBytesPerSec" : 484.3406860135945,
    "sentKBytesPerSec" : 12.056016853814452
  },
  "login_request-0" : {
    "transaction" : "login_request-0",
    "sampleCount" : 1991,
    "errorCount" : 0,
    "errorPct" : 0.0,
    "meanResTime" : 16950.023606228064,
    "minResTime" : 105.0,
    "maxResTime" : 31060.0,
    "pct1ResTime" : 30144.6,
    "pct2ResTime" : 30586.399999999998,
    "pct3ResTime" : 30924.96,
    "throughput" : 49.08051077256816,
    "receivedKBytesPerSec" : 28.47053066299364,
    "sentKBytesPerSec" : 11.64703527122467
  },
  "login_request-1" : {
    "transaction" : "login_request-1",
    "sampleCount" : 1991,
    "errorCount" : 1414,
    "errorPct" : 71.019585,
    "meanResTime" : 5809.816675037664,
    "minResTime" : 0.0,
    "maxResTime" : 30983.0,
    "pct1ResTime" : 28543.8,
    "pct2ResTime" : 30497.8,
    "pct3ResTime" : 30854.72,
    "throughput" : 42.021063295413775,
    "receivedKBytesPerSec" : 120.549706105823,
    "sentKBytesPerSec" : 2.128750019786412
  }
}