{
  "character_request-0" : {
    "transaction" : "character_request-0",
    "sampleCount" : 100,
    "errorCount" : 0,
    "errorPct" : 0.0,
    "meanResTime" : 0.4299999999999998,
    "minResTime" : 0.0,
    "maxResTime" : 27.0,
    "pct1ResTime" : 1.0,
    "pct2ResTime" : 1.0,
    "pct3ResTime" : 26.749999999999872,
    "throughput" : 38.38771593090211,
    "receivedKBytesPerSec" : 18.81223008637236,
    "sentKBytesPerSec" : 0.0
  },
  "Total" : {
    "transaction" : "Total",
    "sampleCount" : 500,
    "errorCount" : 0,
    "errorPct" : 0.0,
    "meanResTime" : 1008.288,
    "minResTime" : 0.0,
    "maxResTime" : 2308.0,
    "pct1ResTime" : 1981.7,
    "pct2ResTime" : 2036.95,
    "pct3ResTime" : 2204.94,
    "throughput" : 98.73617693522907,
    "receivedKBytesPerSec" : 525.9174750691153,
    "sentKBytesPerSec" : 19.843657434834125
  },
  "character_request" : {
    "transaction" : "character_request",
    "sampleCount" : 100,
    "errorCount" : 0,
    "errorPct" : 0.0,
    "meanResTime" : 1409.72,
    "minResTime" : 481.0,
    "maxResTime" : 2308.0,
    "pct1ResTime" : 2176.4,
    "pct2ResTime" : 2204.7,
    "pct3ResTime" : 2307.3299999999995,
    "throughput" : 27.870680044593087,
    "receivedKBytesPerSec" : 485.7179095248049,
    "sentKBytesPerSec" : 5.0352302814938685
  },
  "login_request" : {
    "transaction" : "login_request",
    "sampleCount" : 100,
    "errorCount" : 0,
    "errorPct" : 0.0,
    "meanResTime" : 1815.8699999999994,
    "minResTime" : 1161.0,
    "maxResTime" : 2036.0,
    "pct1ResTime" : 2019.9,
    "pct2ResTime" : 2024.95,
    "pct3ResTime" : 2035.98,
    "throughput" : 40.11231448054553,
    "receivedKBytesPerSec" : 174.78627657440836,
    "sentKBytesPerSec" : 16.530660850381068
  },
  "login_request-0" : {
    "transaction" : "login_request-0",
    "sampleCount" : 100,
    "errorCount" : 0,
    "errorPct" : 0.0,
    "meanResTime" : 941.1099999999998,
    "minResTime" : 171.0,
    "maxResTime" : 1499.0,
    "pct1ResTime" : 1401.8000000000002,
    "pct2ResTime" : 1439.95,
    "pct3ResTime" : 1498.86,
    "throughput" : 47.551117451260104,
    "receivedKBytesPerSec" : 27.58336305278174,
    "sentKBytesPerSec" : 11.284103067047074
  },
  "login_request-1" : {
    "transaction" : "login_request-1",
    "sampleCount" : 100,
    "errorCount" : 0,
    "errorPct" : 0.0,
    "meanResTime" : 874.3099999999996,
    "minResTime" : 379.0,
    "maxResTime" : 1391.0,
    "pct1ResTime" : 1322.0,
    "pct2ResTime" : 1371.5999999999997,
    "pct3ResTime" : 1390.98,
    "throughput" : 43.346337234503686,
    "receivedKBytesPerSec" : 163.73401603814477,
    "sentKBytesPerSec" : 7.577142934547031
  }
}